{
  "components/products/related": "{{#or (if theme_settings.halo_homepage_layout_1) (if theme_settings.halo_homepage_layout_4)}}\n    <div class=\"halo-block halo-block-product\" id=\"halo-related-products\">\n        <div class=\"container\">\n            <div class=\"halo-block-header\">\n                <h2 class=\"title\">{{title}}</h2>\n            </div>\n            {{> components/products/carousel\n                products=products\n                productsnew=productsnew\n                block_id=block_id\n                block_limit=block_limit\n                block_column=block_column\n                list=\"Related Products\"\n            }}\n        </div>\n    </div>\n{{else}}\n    <div class=\"halo-block halo-block-product\" id=\"halo-related-products\">\n        <div class=\"container container--full\">\n            <div class=\"halo-block-header\">\n                <h2 class=\"title\">{{title}}</h2>\n            </div>\n            {{> components/products/carousel\n                products=products\n                productsnew=productsnew\n                block_id=block_id\n                block_limit=block_limit\n                block_column=block_column\n                show_dots_bar=\"true\"\n                list=\"Related Products\"\n            }}\n            <div class=\"progress\" role=\"progressbar\" aria-label=\"Progress Bar\" aria-valuemin=\"0\" aria-valuemax=\"100\" data-bars>\n                <div class=\"bar-thumb\"></div>\n            </div>\n        </div>\n    </div>\n{{/or}}\n",
  "components/products/carousel": "{{#if theme_settings.halo_homepage_layout_1}}\n    <section class=\"productCarousel\"\n        id=\"{{block_id}}\"\n        data-dots-bar=\"{{ show_dots_bar }}\"\n        data-list-name=\"{{list}}\"\n        data-slick='{\n            \"dots\": true,\n            \"arrows\": true,\n            \"infinite\": true,\n            \"mobileFirst\": true,\n            \"adaptiveHeight\": true,\n            \"slidesToShow\": 1,\n            \"slidesToScroll\": 1,\n            \"slide\": \".js-product-slide\",\n            \"responsive\": [\n                {\n                    \"breakpoint\": 1399,\n                    \"settings\": {\n                        \"slidesToShow\": {{block_column}},\n                        \"slidesToScroll\": {{block_column}}\n                    }\n                },\n                {\n                    \"breakpoint\": 1024,\n                    \"settings\": {\n                        \"slidesToShow\": 4,\n                        \"slidesToScroll\": 4\n                    }\n                },\n                {\n                    \"breakpoint\": 767,\n                    \"settings\": {\n                        \"slidesToShow\": 3,\n                        \"slidesToScroll\": 3\n                    }\n                },\n                {\n                    \"breakpoint\": 320,\n                    \"settings\": {\n                        \"slidesToShow\": 2,\n                        \"slidesToScroll\": 2\n                    }\n                }\n            ]\n        }'>\n        {{#each (limit products block_limit)}}\n            <div class=\"productCarousel-slide js-product-slide halo-fadeInUp\" data-halo-animate={{add @index 1}}>\n                {{> components/products/card productsnew=../productsnew settings=../settings theme_settings=../theme_settings customer=../customer event=\"list\" position=(add @index 1)}}\n            </div>\n        {{/each}}\n    </section>\n{{else if theme_settings.halo_homepage_layout_2}}\n    <section class=\"productCarousel show-dots-bar\"\n        id=\"{{block_id}}\"\n        data-dots-bar=\"{{ show_dots_bar }}\"\n        data-list-name=\"{{list}}\"\n        data-slick='{\n            \"dots\": true,\n            \"arrows\": true,\n            \"infinite\": true,\n            \"mobileFirst\": true,\n            \"adaptiveHeight\": true,\n            \"slidesToShow\": 2,\n            \"slidesToScroll\": 2,\n            \"slide\": \".js-product-slide\",\n            \"responsive\": [\n                {\n                    \"breakpoint\": 1399,\n                    \"settings\": {\n                        \"slidesToShow\": {{block_column}},\n                        \"slidesToScroll\": {{block_column}}\n                    }\n                },\n                {\n                    \"breakpoint\": 1024,\n                    \"settings\": {\n                        \"slidesToShow\": 2,\n                        \"slidesToScroll\": 2\n                    }\n                },\n                {\n                    \"breakpoint\": 550,\n                    \"settings\": {\n                        \"slidesToShow\": 2,\n                        \"slidesToScroll\": 2\n                    }\n                }\n            ]\n        }'>\n        {{#each (limit products block_limit)}}\n            <div class=\"productCarousel-slide js-product-slide halo-fadeInUp\" data-halo-animate={{add @index 1}}>\n                {{> components/products/card productsnew=../productsnew settings=../settings theme_settings=../theme_settings customer=../customer event=\"list\" position=(add @index 1)}}\n            </div>\n        {{/each}}\n    </section>\n{{else if theme_settings.halo_homepage_layout_3}}\n    <section class=\"productCarousel show-dots-bar\"\n        id=\"{{block_id}}\"\n        data-dots-bar=\"{{ show_dots_bar }}\"\n        data-list-name=\"{{list}}\"\n        data-slick='{\n            \"dots\": true,\n            \"arrows\": true,\n            \"infinite\": true,\n            \"mobileFirst\": true,\n            \"adaptiveHeight\": true,\n            \"slidesToShow\": 2,\n            \"slidesToScroll\": 2,\n            \"slide\": \".js-product-slide\",\n            \"responsive\": [\n                {\n                    \"breakpoint\": 1399,\n                    \"settings\": {\n                        \"slidesToShow\": {{block_column}},\n                        \"slidesToScroll\": {{block_column}}\n                    }\n                },\n                {\n                    \"breakpoint\": 1024,\n                    \"settings\": {\n                        \"slidesToShow\": 2,\n                        \"slidesToScroll\": 2\n                    }\n                },\n                {\n                    \"breakpoint\": 550,\n                    \"settings\": {\n                        \"slidesToShow\": 2,\n                        \"slidesToScroll\": 2\n                    }\n                }\n            ]\n        }'>\n        {{#each (limit products block_limit)}}\n            <div class=\"productCarousel-slide js-product-slide halo-fadeInUp\" data-halo-animate={{add @index 1}}>\n                {{> components/products/card productsnew=../productsnew settings=../settings theme_settings=../theme_settings customer=../customer event=\"list\" position=(add @index 1)}}\n            </div>\n        {{/each}}\n    </section>\n{{else if theme_settings.halo_homepage_layout_4}}\n    <section class=\"productCarousel\"\n        id=\"{{block_id}}\"\n        data-dots-bar=\"{{ show_dots_bar }}\"\n        data-list-name=\"{{list}}\"\n        data-slick='{\n            \"dots\": false,\n            \"arrows\": true,\n            \"infinite\": false,\n            \"mobileFirst\": true,\n            \"adaptiveHeight\": true,\n            \"slidesToShow\": 1,\n            \"slidesToScroll\": 1,\n            \"slide\": \".js-product-slide\",\n            \"responsive\": [\n                {\n                    \"breakpoint\": 1399,\n                    \"settings\": {\n                        \"slidesToShow\": {{block_column}},\n                        \"slidesToScroll\": {{block_column}}\n                    }\n                },\n                {\n                    \"breakpoint\": 1024,\n                    \"settings\": {\n                        \"slidesToShow\": 4,\n                        \"slidesToScroll\": 4\n                    }\n                },\n                {\n                    \"breakpoint\": 767,\n                    \"settings\": {\n                        \"slidesToShow\": 3,\n                        \"slidesToScroll\": 3\n                    }\n                },\n                {\n                    \"breakpoint\": 320,\n                    \"settings\": {\n                        \"slidesToShow\": 2,\n                        \"slidesToScroll\": 2\n                    }\n                }\n            ]\n        }'>\n        {{#each (limit products block_limit)}}\n            <div class=\"productCarousel-slide js-product-slide halo-fadeInUp\" data-halo-animate={{add @index 1}}>\n                {{> components/products/card productsnew=../productsnew settings=../settings theme_settings=../theme_settings customer=../customer event=\"list\" position=(add @index 1)}}\n            </div>\n        {{/each}}\n    </section>\n{{/if}}\n",
  "components/products/card": "{{inject \"isProductCardPresented\" true}}\n\n<article\n    class=\"card\n    {{#if alternate}} card--alternate{{/if}}card-text\n    {{#and (if images.length '>=' 2) (if theme_settings.halo_card_image_swap)}} card-hover{{/and}}\"\n    data-test=\"card-{{id}}\"\n    data-product-id=\"{{id}}\"\n    data-event-type=\"{{event}}\"\n    data-entity-id=\"{{id}}\"\n    data-position=\"{{position}}\"\n    data-name=\"{{name}}\"\n    data-product-category=\"\n    {{#each category}}\n        {{#if @last}}\n            {{this}}\n        {{else}}\n            {{this}},\n        {{/if}}\n    {{/each}}\"\n    data-product-brand=\"{{brand.name}}\"\n    data-product-price=\"\n    {{#if price.with_tax}}\n        {{price.with_tax.value}}\n    {{else}}\n        {{price.without_tax.value}}\n    {{/if}}\"\n>\n    <figure class=\"card-figure\">\n        {{#if theme_settings.halo-label-product}}\n            <div class=\"halo-badges halo-badges-{{theme_settings.halo-label-product-position}}\">\n                {{#each productsnew}}\n                    {{#if id '==' ../id}}\n                        <div class=\"new-badge halo-badge\">\n                            <span class=\"text\">{{lang 'products.new_label'}}</span>\n                        </div>\n                    {{/if}}\n                {{/each}}\n                {{#or price.non_sale_price_with_tax price.non_sale_price_without_tax}}\n                    <div class=\"sale-badge halo-badge\">\n                        {{#if theme_settings.sale_badges_type '==' 'percent'}}\n                            {{#if price.non_sale_price_with_tax}}\n                                <span class=\"text\">{{lang 'products.sale_label'}}{{round (subtract 100 (multiply (divide price.with_tax.value price.non_sale_price_with_tax.value) 100)) 0}}%</span>\n                            {{/if}}\n                            {{#if price.non_sale_price_without_tax}}\n                                <span class=\"text\">{{lang 'products.sale_label'}}{{round (subtract 100 (multiply (divide price.without_tax.value price.non_sale_price_without_tax.value) 100)) 0}}%</span>\n                            {{/if}}\n                        {{else}}\n                            <span class=\"text\">{{lang 'common.badge_sale'}}</span>\n                        {{/if}}\n                    </div>\n                {{/or}}\n                {{#each custom_fields}}\n                    {{#if name '===' '__customlabel'}}\n                        <div class=\"custom-badge halo-badge\">\n                            <span class=\"text\">{{{value}}}</span>\n                        </div>\n                    {{/if}}\n                {{/each}}\n                {{#if out_of_stock_message}}\n                    <div class=\"soldOut-badge halo-badge\">\n                        <span class=\"text\">{{lang 'products.sold_out_label'}}</span>\n                    </div>\n                {{/if}}\n            </div>\n        {{/if}}\n        <a href=\"{{url}}\"\n           class=\"card-figure__link card-link\"\n           aria-label=\"{{name}},{{> components/products/product-aria-label}}\"\n           data-event-type=\"product-click\"\n        >\n            <div class=\"card-img-container{{#if images.length '<' 1}} card-img-container2{{/if}}\">\n                {{#unless images.length '<' 1}}\n                    {{> components/common/responsive-img\n                        image=image\n                        class=\"card-image\"\n                        fallback_size=theme_settings.productgallery_size\n                        lazyload=theme_settings.lazyload_mode\n                        default_image=theme_settings.default_image_product\n                    }}\n                    {{#and (if images.length '>=' 2) (if theme_settings.halo_card_image_swap)}}\n                        {{#each images}}\n                            {{#if @index '==' 1}}\n                                <span class=\"card-image-2\">\n                                    {{> components/common/responsive-img\n                                        image=this\n                                        class=\"\"\n                                        fallback_size=../../theme_settings.productgallery_size\n                                        lazyload=../../theme_settings.lazyload_mode\n                                        default_image=../../theme_settings.default_image_product\n                                    }}\n                                </span>\n                            {{/if}}\n                        {{/each}}\n                    {{/and}}\n                {{else}}\n                    {{> components/common/responsive-img\n                        image=image\n                        class=\"card-no-image\"\n                        fallback_size=theme_settings.productgallery_size\n                        lazyload=theme_settings.lazyload_mode\n                        default_image=theme_settings.default_image_product\n                    }}\n                {{/unless}}\n            </div>\n        </a>\n\n        <figcaption class=\"card-figcaption\">\n            <div class=\"card-figcaption-top\">\n                {{#if settings.show_wishlist}}\n                    <button href=\"/wishlist.php?action=add&product_id={{id}}\" class=\"wishlist button{{#if theme_settings.show_product_wishlist_mobile}} show-mobile{{/if}}\" aria-label=\"Wishlist\">\n                        <span class=\"text\">{{lang 'account.wishlists.add'}}</span>\n                        <span class=\"icon-wrapper\"><svg class=\"icon\"><use xlink:href=\"#icon-wishlist\"/></svg></span>\n                    </button>\n                {{/if}}\n                {{#unless hide_product_quick_view}}\n                    {{#if theme_settings.show_product_quick_view}}\n                        <button class=\"button quickview{{#if theme_settings.show_product_quick_view_mobile}} show-mobile{{/if}}\" data-event-type=\"product-click\" data-product-id=\"{{id}}\" aria-label=\"Quick View\">\n                            <span class=\"text\">{{lang 'products.quick_view'}}</span>\n                            <span class=\"icon-wrapper\"><svg class=\"icon\"><use xlink:href=\"#icon-quick-view\"/></svg></span>\n                        </button>\n                    {{/if}}\n                {{/unless}}\n            </div>\n            {{#if theme_settings.halo_homepage_layout_3}}\n                {{#or customer (unless settings.hide_price_from_guests)}}\n                    {{#if show_cart_action}}\n                        <div class=\"card-figcaption-bottom\">\n                            {{#if has_options}}\n                                <a href=\"{{url}}\" data-event-type=\"product-click\" class=\"button button--primary card-figcaption-button\" data-product-id=\"{{id}}\">{{lang 'products.choose_options'}}</a>\n                            {{/if}}\n                            {{#if pre_order}}\n                                <a href=\"{{pre_order_add_to_cart_url}}\" data-event-type=\"product-click\" class=\"button button--primary card-figcaption-button\">{{lang 'products.pre_order'}}</a>\n                            {{/if}}\n                            {{#if add_to_cart_url }}\n                                <a href=\"{{add_to_cart_url}}\" data-event-type=\"product-click\" data-button-type=\"add-cart\" class=\"button button--primary card-figcaption-button halo-add-to-cart\" data-product-id=\"{{id}}\" data-wait-message=\"{{lang 'products.adding_to_cart'}}\">{{lang 'products.add_to_cart'}}</a>\n                                <span class=\"product-status-message aria-description--hidden\">{{lang 'category.add_cart_announcement'}}</span>\n                            {{/if}}\n                            {{#if out_of_stock_message }}\n                                <a href=\"{{url}}\" data-event-type=\"product-click\" class=\"button button--primary card-figcaption-button button--outOfStock\" data-product-id=\"{{id}}\">{{out_of_stock_message}}</a>\n                            {{/if}}\n                            {{#if theme_settings.haloAddOptionForProduct}}\n                                <div class=\"card-option card-option-{{id}}\">\n                                    <div class=\"form-field\"></div>\n                                </div>\n                            {{/if}}\n                        </div>\n                    {{/if}}\n                {{/or}}\n            {{else}}\n                {{#or customer (unless settings.hide_price_from_guests)}}\n                    {{#if show_cart_action}}\n                        <div class=\"card-figcaption-bottom\">\n                            {{#if has_options}}\n                                <a href=\"{{url}}\" data-event-type=\"product-click\" class=\"button button--primary card-figcaption-button\" data-product-id=\"{{id}}\">{{lang 'products.choose_options'}}</a>\n                            {{/if}}\n                            {{#if pre_order}}\n                                <a href=\"{{pre_order_add_to_cart_url}}\" data-event-type=\"product-click\" class=\"button button--primary card-figcaption-button\">{{lang 'products.pre_order'}}</a>\n                            {{/if}}\n                            {{#if add_to_cart_url }}\n                                <a href=\"{{add_to_cart_url}}\" data-event-type=\"product-click\" data-button-type=\"add-cart\" class=\"button button--primary card-figcaption-button halo-add-to-cart\" data-product-id=\"{{id}}\" data-wait-message=\"{{lang 'products.adding_to_cart'}}\">{{lang 'products.add_to_cart'}}</a>\n                                <span class=\"product-status-message aria-description--hidden\">{{lang 'category.add_cart_announcement'}}</span>\n                            {{/if}}\n                            {{#if out_of_stock_message }}\n                                <a href=\"{{url}}\" data-event-type=\"product-click\" class=\"button button--primary card-figcaption-button button--outOfStock\" data-product-id=\"{{id}}\">{{out_of_stock_message}}</a>\n                            {{/if}}\n                        </div>\n                    {{/if}}\n                {{/or}}\n            {{/if}}\n        </figcaption>\n    </figure>\n    <div class=\"card-body\">\n        {{#if theme_settings.halo_homepage_layout_2}}\n            {{#if theme_settings.haloAddOptionForProduct}}\n                <div class=\"card-option card-option-{{id}}\">\n                    <div class=\"form-field\"></div>\n                </div>\n            {{/if}}\n        {{/if}}\n\n        \n        {{#if theme_settings.halo_homepage_layout_4}}\n            <div class=\"card-wrapper\">\n                {{#and (if brand.name) (if theme_settings.halo_card_brand)}}\n                    <p class=\"card-text\" data-test-info-type=\"brandName\">{{brand.name}}</p>\n                {{/and}}\n                {{#and (if settings.show_product_rating) (if theme_settings.halo_card_ratings)}}\n                    <p class=\"card-text\" data-test-info-type=\"productRating\">\n                        <span class=\"rating--small\">\n                            {{> components/products/ratings rating_target=name rating=rating}}\n                        </span>\n                        {{#if num_reviews}}\n                            <span class=\"number-review\">({{num_reviews}})</span>\n                        {{/if}}\n                    </p>\n                {{/and}}\n            </div>\n        {{else}}\n            {{#and (if brand.name) (if theme_settings.halo_card_brand)}}\n                <p class=\"card-text\" data-test-info-type=\"brandName\">{{brand.name}}</p>\n            {{/and}}\n        {{/if}}\n\n        <h3 class=\"card-title{{#or customer (unless settings.hide_price_from_guests)}}{{#if show_cart_action}}{{#if has_options}}{{#if theme_settings.haloAddOptionForProduct}} has-options{{/if}}{{/if}}{{/if}}{{/or}}\">\n            {{#if theme_settings.halo_card_title '==' 'ellipsis'}}\n                <a aria-label=\"{{name}},{{> components/products/product-aria-label}}\"\n                    class=\"card-ellipsis\"\n                    href=\"{{url}}\"\n                    data-event-type=\"product-click\"\n                    style=\"-webkit-box-orient: vertical;\">\n                    <span>{{name}}<span class=\"card-name\"></span></span>\n                </a>\n            {{else}}\n                <a aria-label=\"{{name}},{{> components/products/product-aria-label}}\"\n                    href=\"{{url}}\"\n                    data-event-type=\"product-click\">\n                    <span>{{name}}<span class=\"card-name\"></span></span>\n                </a>\n            {{/if}}\n        </h3>\n\n        {{#and (if show_rating) (if theme_settings.halo_card_ratings)}}\n            <p class=\"card-rating-category\" data-test-info-type=\"productRating\">\n                <span class=\"rating--small\">\n                    {{> components/products/ratings rating_target=name rating=rating}}\n                </span>\n                {{#if num_reviews}}\n                    <span class=\"number-review\">({{num_reviews}})</span>\n                {{/if}}\n            </p>\n        {{/and}}\n\n        {{#if summary}}\n            <div class=\"card-desc\">{{{summary}}}</div>\n        {{/if}}\n\n        \n        {{#if theme_settings.halo_homepage_layout_4}}\n            <div class=\"card-price\" data-test-info-type=\"price\">\n                {{#or customer (unless settings.hide_price_from_guests)}}\n                    {{> components/products/price price=price}}\n                {{else}}\n                    {{> components/common/login-for-pricing}}\n                {{/or}}\n            </div>\n        {{else}}\n            <div class=\"card-wrapper\">\n                <div class=\"card-price\" data-test-info-type=\"price\">\n                    {{#or customer (unless settings.hide_price_from_guests)}}\n                        {{> components/products/price price=price}}\n                    {{else}}\n                        {{> components/common/login-for-pricing}}\n                    {{/or}}\n                </div>\n                {{#and (if settings.show_product_rating) (if theme_settings.halo_card_ratings)}}\n                    <p class=\"card-text\" data-test-info-type=\"productRating\">\n                        <span class=\"rating--small\">\n                            {{> components/products/ratings rating_target=name rating=rating}}\n                        </span>\n                        {{#if num_reviews}}\n                            <span class=\"number-review\">({{num_reviews}})</span>\n                        {{/if}}\n                    </p>\n                {{/and}}\n            </div>\n        {{/if}}\n        {{> components/products/bulk-discount-rates}}\n\n        {{#or theme_settings.halo_homepage_layout_1 theme_settings.halo_homepage_layout_4}}\n            {{#if theme_settings.haloAddOptionForProduct}}\n                <div class=\"card-option card-option-{{id}}\">\n                    <div class=\"form-field\"></div>\n                </div>\n            {{/if}}\n        {{/or}}\n\n        {{#or customer (unless settings.hide_price_from_guests)}}\n            {{#if show_cart_action}}\n                <div class=\"card-figcaption-bottom\">\n                    {{#if has_options}}\n                        <a href=\"{{url}}\" data-event-type=\"product-click\" class=\"button button--primary card-figcaption-button\" data-product-id=\"{{id}}\">{{lang 'products.choose_options'}}</a>\n                    {{/if}}\n                    {{#if pre_order}}\n                        <a href=\"{{pre_order_add_to_cart_url}}\" data-event-type=\"product-click\" class=\"button button--primary card-figcaption-button\">{{lang 'products.pre_order'}}</a>\n                    {{/if}}\n                    {{#if add_to_cart_url }}\n                        <a href=\"{{add_to_cart_url}}\" data-event-type=\"product-click\" data-button-type=\"add-cart\" class=\"button button--primary card-figcaption-button halo-add-to-cart\" data-product-id=\"{{id}}\" data-wait-message=\"{{lang 'products.adding_to_cart'}}\">{{lang 'products.add_to_cart'}}</a>\n                        <span class=\"product-status-message aria-description--hidden\">{{lang 'category.add_cart_announcement'}}</span>\n                    {{/if}}\n                    {{#if out_of_stock_message }}\n                        <a href=\"{{url}}\" data-event-type=\"product-click\" class=\"button button--primary card-figcaption-button button--outOfStock\" data-product-id=\"{{id}}\">{{out_of_stock_message}}</a>\n                    {{/if}}\n                </div>\n            {{/if}}\n        {{/or}}\n\n        {{#if show_compare}}\n            <div class=\"card-compare\">\n                <input type=\"checkbox\" name=\"products[]\" value=\"{{id}}\" id=\"compare-2-{{id}}\" data-compare-id=\"{{id}}\">\n                <label class=\"compare\" for=\"compare-2-{{id}}\"><span>{{lang 'products.compare'}}</span></label>\n            </div>\n        {{/if}}\n    </div>\n</article>\n",
  "components/common/responsive-img": "{{!--\nThis file implements the lazysizes srcset pattern (as seen on\nhttps://github.com/aFarkas/lazysizes#modern-transparent-srcset-pattern) for maximum performance on modern browsers\nand reasonable compatibility with legacy browsers.\n\nThere are a few important arguments to know about when using this component:\n`lazyload`:\n    - If set to 'lazyload+lqip', will load a low-res image which will be replaced by lazysizes - ensuring that SOME\n    content is shown immediately on page load. Without LQIP, a transparent gif will be used instead, which reduces\n    the number of requests needed to load the page, making it even faster.\n    - If set to 'lazyload', the browser will not load the full-size image at first, instead the lazysizes plugin will\n        load it progressively after page load. This improves the load speed of the page, but it should be disabled for\n        high-priority above-the-fold images.\n    - If set to 'disabled', will not attempt to lazyload the image and instead tell the browser to load it immediately.\n        Use this for high-priority images that are above the fold.\n\n`fallback_size`:\n    This is the size to use for this image in legacy browsers that do not support srcset.\n    Can be defined as a pixel bounding-box size (e.g. \"123x123) or inherent width (e.g. \"123w\").\n\n`class`:\n    The CSS classes to add to the image, e.g. \"card-image\". If lazyloading is enabled, all images will have the\n    \"lazyload\" class so that lazysizes will target them automatically.\n\n`otherAttributes`:\n    Any other HTML attributes you want on the img tag, for example \"height='100' width='100'\"\n\n`default_image`:\n    The default image to use if `image` is undefined or falsy. Should be a theme asset, usually defined as a relative\n    path in the theme config. If a default image is not provided, you'll get an image tag with no image if the primary\n    image is undefined.\n\n`lqip_size`:\n    If you want to specify a particular size for the LQIP image, you can do so with this argument. A default of 80\n    pixels wide will be used otherwise. This argument has no effect if the lazyload mode is not \"lazyload+lqip\".\n\n--}}\n<img {{#if image}}{{!-- Get the default image for legacy browsers that do not support srcset\n--}}src=\"{{getImageSrcset image 1x=(default fallback_size '160w')}}\" alt=\"{{image.alt}}\" title=\"{{image.alt}}\" {{!--\n  Allow lazysizes to generate the 'sizes' attribute automatically --}}data-sizes=\"auto\"\n  {{#unless lazyload '==' 'disabled'}}\n    {{#if lazyload '==' 'lazyload+lqip'}}\n    {{!-- If we want a LQIP, include it as the default srcset (will be overwritten by lazysizes) --}}\n    srcset=\"{{getImageSrcset image 1x=(default lqip_size '80w')}}\"\n    {{else}}\n      {{!-- If we don't want a LQIP, use a 1px transparent gif for the stand-in image\n            This requires no additional network request, so it's fast --}}\n    srcset=\"data:image/gif;base64,R0lGODlhAQABAIAAAP///wAAACH5BAEAAAAALAAAAAABAAEAAAICRAEAOw==\"\n    {{/if}}\n{{/unless}}\n{{!-- If lazyloading is disabled, just use \"srcset\". If it is not disabled, use \"data-srcset\" so lazysizes will use\n      this after page load --}}\n{{!--\nGenerate the srcset string using the default sizes defined in the helper. This will allow the browser to\npick the best-sized image based on its own understanding of how it will render the page.\n--}}\n{{#unless lazyload '==' 'disabled'}}data-{{/unless}}srcset=\"{{getImageSrcset image use_default_sizes=true }}\"\n{{else if default_image}}src=\"{{cdn default_image}}\" alt=\"{{lang 'products.card_default_image_alt'}}\"{{/if}}\nclass=\"{{#unless lazyload '==' 'disabled'}}lazyload{{/unless}}{{#if class}} {{class}}{{/if}}\"\n{{#if lazyload '==' 'lazyload'}}loading=\"lazy\"{{/if}}\n{{otherAttributes}} />\n",
  "components/products/product-aria-label": "{{#and price.price_range (if theme_settings.price_ranges '==' true)}}\n    {{#and price.price_range.min.with_tax price.price_range.max.with_tax}}\n{{lang 'category.shop_by_price_range_aria'\n       from=price.price_range.min.with_tax.formatted\n       to=price.price_range.max.with_tax.formatted\n}}\n    {{else}}\n{{lang 'category.shop_by_price_range_aria'\n       from=price.price_range.min.without_tax.formatted\n       to=price.price_range.max.without_tax.formatted\n}}\n    {{/and}}\n{{else}}\n    {{#if price.with_tax}}\n        {{#if price.non_sale_price_with_tax}}\n{{#if theme_settings.pdp-non-sale-price-label '===' 'Was:'}}{{lang \"page_builder.pdp-non-sale-price-label\"}}{{else}}{{theme_settings.pdp-non-sale-price-label}}{{/if}}{{price.non_sale_price_with_tax.formatted}},\n{{#if theme_settings.pdp-sale-price-label '===' 'Now:'}}{{lang \"page_builder.pdp-sale-price-label\"}}{{else}}{{theme_settings.pdp-sale-price-label}}{{/if}}{{price.with_tax.formatted}}\n        {{else}}\n{{price.with_tax.formatted}}\n        {{/if}}\n    {{else}}\n        {{#if price.non_sale_price_without_tax}}\n{{#if theme_settings.pdp-non-sale-price-label '===' 'Was:'}}{{lang \"page_builder.pdp-non-sale-price-label\"}}{{else}}{{theme_settings.pdp-non-sale-price-label}}{{/if}}{{price.non_sale_price_without_tax.formatted}},\n{{#if theme_settings.pdp-sale-price-label '===' 'Now:'}}{{lang \"page_builder.pdp-sale-price-label\"}}{{else}}{{theme_settings.pdp-sale-price-label}}{{/if}}{{price.without_tax.formatted}}\n        {{else}}\n{{price.without_tax.formatted}}\n        {{/if}}\n    {{/if}}\n{{/and}}\n",
  "components/products/price": "{{!-- There are 2 code paths for generating the PDP pricing HTML determined by the following #and condition.\nIf a 'price_range' exists then we generate all HTML in price-range.html, otherwise it is defined here. Both code\npaths generate the same HTML structure with some differences in whether that element is displayed by default (css styling).\n\nIf you are making a change here or in price-range.html, you probably want to make that change in both files. --}}\n\n{{#and price.price_range (if theme_settings.price_ranges '==' true)}}\n    {{> components/products/price-range price=price}}\n{{else}}\n    {{#if price.with_tax}}\n        <div class=\"price-section price-section--withTax rrp-price--withTax\" {{#unless price.rrp_with_tax}}style=\"display: none;\"{{/unless}}>\n            <span data-page-builder-key=\"pdp-retail-price-label\" data-default-translation=\"{{lang \"page_builder.pdp-retail-price-label\"}}\">\n                {{theme_settings.pdp-retail-price-label}}\n            </span>\n            <span data-product-rrp-with-tax class=\"price price--rrp\">\n                {{price.rrp_with_tax.formatted}}\n            </span>\n        </div>\n        <div class=\"price-section price-section--withTax non-sale-price--withTax{{#unless price.non_sale_price_with_tax}} price-none{{/unless}}\" {{#unless price.non_sale_price_with_tax}}style=\"display: none;\"{{/unless}}>\n            <span data-page-builder-key=\"pdp-non-sale-price-label\" data-default-translation=\"{{lang \"page_builder.pdp-non-sale-price-label\"}}\">\n                {{theme_settings.pdp-non-sale-price-label}}\n            </span>\n            <span data-product-non-sale-price-with-tax class=\"price price--non-sale\">\n                {{price.non_sale_price_with_tax.formatted}}\n            </span>\n        </div>\n        <div class=\"price-section price-section--withTax\">\n            <span class=\"price-label\" {{#if price.non_sale_price_with_tax}}style=\"display: none;\"{{/if}}>\n                {{theme_settings.pdp-price-label}}\n            </span>\n            <span class=\"price-now-label\"\n                  {{#unless price.non_sale_price_with_tax}}style=\"display: none;\"{{/unless}}\n                  data-page-builder-key=\"pdp-sale-price-label\"\n                  data-default-translation=\"{{lang \"page_builder.pdp-sale-price-label\"}}\"\n            >\n                {{theme_settings.pdp-sale-price-label}}\n            </span>\n            <span data-product-price-with-tax class=\"price price--withTax\" data-value-price=\"{{price.with_tax.formatted}}\">{{price.with_tax.formatted}}</span>\n            {{#if price.without_tax}}\n                <abbr title=\"{{lang 'products.including_tax'}}\">{{lang 'products.price_with_tax' tax_label=price.tax_label}}</abbr>\n            {{/if}}\n        </div>\n    {{/if}}\n    {{#if price.without_tax}}\n        <div class=\"price-section price-section--withoutTax rrp-price--withoutTax{{#if price.with_tax}} price-section--minor{{/if}}\" {{#unless price.rrp_without_tax}}style=\"display: none;\"{{/unless}}>\n            <span data-page-builder-key=\"pdp-retail-price-label\" data-default-translation=\"{{lang \"page_builder.pdp-retail-price-label\"}}\">\n                {{theme_settings.pdp-retail-price-label}}\n            </span>\n            <span data-product-rrp-price-without-tax class=\"price price--rrp\">\n                {{price.rrp_without_tax.formatted}}\n            </span>\n        </div>\n        <div class=\"price-section price-section--withoutTax non-sale-price--withoutTax{{#if price.with_tax}} price-section--minor{{/if}}{{#unless price.non_sale_price_without_tax}} price-none{{/unless}}\" {{#unless price.non_sale_price_without_tax}}style=\"display: none;\"{{/unless}}>\n            <span data-page-builder-key=\"pdp-non-sale-price-label\" data-default-translation=\"{{lang \"page_builder.pdp-non-sale-price-label\"}}\">\n                {{theme_settings.pdp-non-sale-price-label}}\n            </span>\n            <span data-product-non-sale-price-without-tax class=\"price price--non-sale\">\n                {{price.non_sale_price_without_tax.formatted}}\n            </span>\n        </div>\n        <div class=\"price-section price-section--withoutTax\">\n            <span class=\"price-label\" {{#if price.non_sale_price_without_tax}}style=\"display: none;\"{{/if}}>\n                {{theme_settings.pdp-price-label}}\n            </span>\n            <span class=\"price-now-label\"\n                  {{#unless price.non_sale_price_without_tax}}style=\"display: none;\"{{/unless}}\n                  data-page-builder-key=\"pdp-sale-price-label\"\n                  data-default-translation=\"{{lang \"page_builder.pdp-sale-price-label\"}}\"\n            >\n                {{theme_settings.pdp-sale-price-label}}\n            </span>\n            <span data-product-price-without-tax class=\"price price--withoutTax{{#if price.with_tax}} price-section--minor{{/if}}\" data-value-price=\"{{price.without_tax.formatted}}\">{{price.without_tax.formatted}}</span>\n            {{#if price.with_tax}}\n                <abbr title=\"{{lang 'products.excluding_tax'}}\">{{lang 'products.price_without_tax' tax_label=price.tax_label}}</abbr>\n            {{/if}}\n        </div>\n    {{/if}}\n    {{#if page_type '===' 'product'}}\n         <div class=\"price-section price-section--saving price\" {{#unless price.saved}}style=\"display: none;\"{{/unless}}>\n                <span class=\"price\">{{lang 'products.you_save_opening_text'}}</span>\n                <span data-product-price-saved class=\"price price--saving\">\n                    {{price.saved.formatted}}\n                </span>\n                <span class=\"price\">{{lang 'products.you_save_closing_bracket'}}</span>\n         </div>\n    {{/if}}\n{{/and}}\n",
  "components/products/ratings": "<span role=\"img\"\n    {{#if rating_target}}\n      aria-label=\"{{lang 'products.reviews.rating_aria_label' rating_target=rating_target current_rating=rating max_rating=5}}\"\n    {{else}}\n      aria-label=\"{{lang 'products.reviews.rating_aria_label' rating_target='Product' current_rating=rating max_rating=5}}\"\n    {{/if}}\n>\n    {{#for 1 5}}\n        {{#if ../this.rating '>=' $index}}\n            <span class=\"icon icon--ratingFull\">\n                <svg>\n                    <use xlink:href=\"#icon-star\" />\n                </svg>\n            </span>\n        {{else}}\n            <span class=\"icon icon--ratingEmpty\">\n                <svg>\n                    <use xlink:href=\"#icon-star\" />\n                </svg>\n            </span>\n        {{/if}}\n    {{/for}}\n</span>\n",
  "components/common/login-for-pricing": "<p translate>Log in for pricing</p>\n",
  "components/products/bulk-discount-rates": "{{#if bulk_discount_rates.length}}\n    <div class=\"productView-info-item\">\n        <span class=\"productView-info-name\">{{lang 'products.bulk_pricing.title'}}</span>\n        <span class=\"productView-info-value\">\n            <a href=\"{{product.url}}#bulk_pricing\"\n               {{#unless is_ajax }}data-reveal-id=\"modal-bulk-pricing\"{{/unless}}>\n                {{lang 'products.bulk_pricing.view'}}\n            </a>\n        </span>\n        <div id=\"modal-bulk-pricing\" class=\"modal modal--bulk-pricing modal--small\" data-reveal>\n            <div class=\"modal-header\">\n                <h2 class=\"modal-header-title\">{{lang 'products.bulk_pricing.modal_title'}}</h2>\n                <a href=\"#\" class=\"modal-close\" aria-label=\"Close\"><span aria-hidden=\"true\">&#215;</span></a>\n            </div>\n            <div class=\"modal-body\">\n                <p>{{lang 'products.bulk_pricing.instructions'}}</p>\n                <ul>\n                    {{#each bulk_discount_rates}}\n                    <li>\n                        {{lang 'products.bulk_pricing.range' min=min max=max}}\n                        {{#if type '===' 'percent'}}\n                        {{lang 'products.bulk_pricing.percent' discount=discount.formatted}}\n                        {{else if type '===' 'fixed'}}\n                        {{lang 'products.bulk_pricing.fixed' discount=discount.formatted}}\n                        {{else if type '===' 'price'}}\n                        {{lang 'products.bulk_pricing.price' discount=discount.formatted}}\n                        {{/if}}\n                    </li>\n                    {{/each}}\n                </ul>\n            </div>\n        </div>\n    </div>\n{{/if}}\n",
  "components/products/price-range": "{{#and price.retail_price_range.min.with_tax price.retail_price_range.max.with_tax}}\n    <div class=\"price-section price-section--withTax rrp-price--withTax\">\n        <span data-page-builder-key=\"pdp-retail-price-label\" data-default-translation=\"{{lang \"page_builder.pdp-retail-price-label\"}}\">\n            {{theme_settings.pdp-retail-price-label}}\n        </span>\n        <span data-product-rrp-price-with-tax class=\"price price--rrp\">{{price.retail_price_range.min.with_tax.formatted}} - {{price.retail_price_range.max.with_tax.formatted}}</span>\n    </div>\n{{else}}\n    {{#if price.with_tax}}\n        <div class=\"price-section price-section--withTax rrp-price--withTax\" style=\"display: none;\">\n            <span data-page-builder-key=\"pdp-retail-price-label\" data-default-translation=\"{{lang \"page_builder.pdp-retail-price-label\"}}\">\n                {{theme_settings.pdp-retail-price-label}}\n            </span>\n            <span data-product-rrp-with-tax class=\"price price--rrp\">\n                {{price.rrp_with_tax.formatted}}\n            </span>\n        </div>\n    {{/if}}\n{{/and}}\n{{#and price.price_range.min.with_tax price.price_range.max.with_tax}}\n    {{!-- Never display the \"non-sales price\" if there is a price range to be shown, but we do want the element on the page --}}\n    <div class=\"price-section price-section--withTax non-sale-price--withTax price-none\" style=\"display: none;\">\n        <span data-page-builder-key=\"pdp-non-sale-price-label\" data-default-translation=\"{{lang \"page_builder.pdp-non-sale-price-label\"}}\">\n            {{theme_settings.pdp-non-sale-price-label}}\n        </span>\n        <span data-product-non-sale-price-with-tax class=\"price price--non-sale\">\n            {{price.non_sale_price_with_tax.formatted}}\n        </span>\n    </div>\n    <div class=\"price-section price-section--withTax\">\n        <span class=\"price-label\">{{theme_settings.pdp-price-label}}</span>\n        <span class=\"price-now-label\"\n              style=\"display: none;\"\n              data-page-builder-key=\"pdp-sale-price-label\"\n              data-default-translation=\"{{lang \"page_builder.pdp-sale-price-label\"}}\"\n        >\n            {{theme_settings.pdp-sale-price-label}}\n        </span>\n        <span data-product-price-with-tax class=\"price price--withTax\" data-value-price=\"{{price.price_range.min.with_tax.formatted}}\">{{price.price_range.min.with_tax.formatted}} - {{price.price_range.max.with_tax.formatted}}</span>\n        {{#and price.price_range.min.without_tax price.price_range.max.without_tax}}\n            <abbr title=\"{{lang 'products.including_tax'}}\">{{lang 'products.price_with_tax' tax_label=price.price_range.min.tax_label}}</abbr>\n        {{/and}}\n    </div>\n{{/and}}\n{{#and price.retail_price_range.min.without_tax price.retail_price_range.max.without_tax}}\n    <div class=\"price-section price-section--withoutTax rrp-price--withoutTax{{#if price.with_tax}} price-section--minor{{/if}}\">\n        <span data-page-builder-key=\"pdp-retail-price-label\" data-default-translation=\"{{lang \"page_builder.pdp-retail-price-label\"}}\">\n            {{theme_settings.pdp-retail-price-label}}\n        </span>\n        <span data-product-rrp-price-without-tax class=\"price price--rrp\">{{price.retail_price_range.min.without_tax.formatted}} - {{price.retail_price_range.max.without_tax.formatted}}</span>\n    </div>\n{{else}}\n    {{#if price.without_tax}}\n        <div class=\"price-section price-section--withoutTax rrp-price--withoutTax{{#if price.with_tax}} price-section--minor{{/if}}\" style=\"display: none;\">\n            <span data-page-builder-key=\"pdp-retail-price-label\" data-default-translation=\"{{lang \"page_builder.pdp-retail-price-label\"}}\">\n                {{theme_settings.pdp-retail-price-label}}\n            </span>\n            <span data-product-rrp-price-without-tax class=\"price price--rrp\">\n                {{price.rrp_without_tax.formatted}}\n            </span>\n        </div>\n    {{/if}}\n{{/and}}\n{{#and price.price_range.min.without_tax price.price_range.max.without_tax}}\n    {{!-- Never display the \"non-sales price\" if there is a price range to be shown, but we do want the element on the page --}}\n    <div class=\"price-section price-section--withoutTax non-sale-price--withoutTax{{#if price.with_tax}} price-section--minor{{/if}} price-none\" style=\"display: none;\">\n        <span data-page-builder-key=\"pdp-non-sale-price-label\" data-default-translation=\"{{lang \"page_builder.pdp-non-sale-price-label\"}}\">\n            {{theme_settings.pdp-non-sale-price-label}}\n        </span>\n        <span data-product-non-sale-price-without-tax class=\"price price--non-sale\">\n            {{price.non_sale_price_without_tax.formatted}}\n        </span>\n    </div>\n    <div class=\"price-section price-section--withoutTax{{#and price_range.min.with_tax price_range.max.with_tax}} price-section--minor{{/and}}\">\n        <span class=\"price-label\">{{theme_settings.pdp-price-label}}</span>\n        <span class=\"price-now-label\"\n              style=\"display: none;\"\n              data-page-builder-key=\"pdp-sale-price-label\"\n              data-default-translation=\"{{lang \"page_builder.pdp-sale-price-label\"}}\"\n        >\n            {{theme_settings.pdp-sale-price-label}}\n        </span>\n        <span data-product-price-without-tax class=\"price price--withoutTax\" data-value-price=\"{{price.price_range.min.without_tax.formatted}}\">{{price.price_range.min.without_tax.formatted}} - {{price.price_range.max.without_tax.formatted}}</span>\n        {{#and price.price_range.min.with_tax price.price_range.max.with_tax}}\n            <abbr title=\"{{lang 'products.excluding_tax'}}\">{{lang 'products.price_without_tax' tax_label=price.price_range.min.tax_label}}</abbr>\n        {{/and}}\n    </div>\n{{/and}}\n\n{{!-- Never display the \"saving price\" element by default if there is a price range on the page to be shown --}}\n{{#if page_type '===' 'product'}}\n     <div class=\"price-section price-section--saving price\" style=\"display: none;\">\n            <span class=\"price\">{{lang 'products.you_save_opening_text'}}</span>\n            <span data-product-price-saved class=\"price price--saving\">\n                {{price.saved.formatted}}\n            </span>\n            <span class=\"price\">{{lang 'products.you_save_closing_bracket'}}</span>\n     </div>\n{{/if}}\n"
}
