{
  "components/products/schema": "<script type=\"application/ld+json\">\n    {\n        \"@context\": \"https://schema.org/\",\n        \"@type\": \"Product\",\n        \"name\": {{{JSONstringify product.title}}},\n        {{#if product.sku}}\"sku\": \"{{product.sku}}\",{{/if}}\n        {{#if product.mpn}}\"mpn\": \"{{product.mpn}}\",{{/if}}\n        {{#if product.gtin}}\"gtin{{length product.gtin}}\": \"{{product.gtin}}\",{{/if}}\n        \"url\" : \"{{product.url}}\",\n        {{#if product.brand}}\n        \"brand\": {\n            \"@type\": \"Brand\",\n            \"url\": \"{{product.brand.url}}\",\n            \"name\": {{{JSONstringify product.brand.name}}}\n        },\n        {{/if}}\n        \"description\": \"{{encodeURI (sanitize product.description)}}\",\n        \"image\": \"{{getImage product.main_image 'zoom_size' (cdn theme_settings.default_image_product)}}\",\n        {{#and settings.show_product_reviews product.reviews.list.length}}\n        \"aggregateRating\": {\n            \"@type\": \"AggregateRating\",\n            \"ratingValue\": \"{{product.rating}}\",\n            \"reviewCount\": \"{{product.num_reviews}}\"\n        },\n        \"review\": [\n        {{#each product.reviews.list}}\n            {\n                \"@type\": \"Review\",\n                \"author\": {\n                    \"@type\": \"Person\",\n                    \"name\": {{#if name}}{{{JSONstringify name}}}{{else}}{{{JSONstringify (lang 'products.reviews.anonymous_poster')}}}{{/if}}\n                },\n                \"datePublished\": \"{{date}}\",\n                \"reviewBody\": {{{JSONstringify text}}},\n                \"name\": {{{JSONstringify title}}},\n                \"reviewRating\": {\n                    \"@type\": \"Rating\",\n                    \"bestRating\": \"5\",\n                    \"ratingValue\": \"{{rating}}\",\n                    \"worstRating\": \"1\"\n                }\n            }{{#unless @last}},{{/unless}}\n        {{/each}}\n        ],\n        {{/and}}\n        \"offers\": {\n            \"@type\": \"Offer\",\n            \"priceCurrency\": \"{{currency_selector.active_currency_code}}\",\n            {{#if product.price.price_range}}\n            \"price\": \"{{#if product.price.with_tax}}{{product.price.with_tax.value}}{{else}}{{product.price.without_tax.value}}{{/if}}\",\n            \"minPrice\": \"{{#if product.price.price_range.min.with_tax}}{{product.price.price_range.min.with_tax.value}}{{else}}{{product.price.price_range.min.without_tax.value}}{{/if}}\",\n            \"maxPrice\": \"{{#if product.price.price_range.max.with_tax}}{{product.price.price_range.max.with_tax.value}}{{else}}{{product.price.price_range.max.without_tax.value}}{{/if}}\",\n            {{else}}\n            \"price\": \"{{#if product.price.with_tax}}{{product.price.with_tax.value}}{{else}}{{product.price.without_tax.value}}{{/if}}\",\n            {{/if}}\n            \"itemCondition\" : \"https://schema.org/{{#if product.condition}}{{product.condition}}{{else}}New{{/if}}Condition\",\n            \"availability\" : \"https://schema.org/{{#if product.pre_order}}PreOrder{{else if product.out_of_stock}}OutOfStock{{else if product.can_purchase '===' false}}OutOfStock{{else}}InStock{{/if}}\",\n            \"url\" : \"{{product.url}}\",\n            \"priceValidUntil\": \"{{moment (moment add='31536000000') 'YYYY-MM-DD' }}\"\n        }\n    }\n</script>\n"
}
