{
  "components/halothemes/gallery/halo-toolbar": "<div class=\"toolbar-wrapper\">\n\t<div class=\"toolbar-left\">\n\t\t<div class=\"pagination-info\"></div>\n\t</div>\n\t<div class=\"toolbar-right\">\n\t    {{#if theme_settings.haloStickyToolbar_limit}}\n\t\t\t{{> components/halothemes/gallery/halo-show-products limit=limit}}\n\t\t{{/if}}\n\t\t{{#if theme_settings.haloStickyToolbar_sort}}\n\t    \t{{> components/products/filter sort=pagination.category.sort}} \n\t    {{/if}}\n\t    {{#if theme_settings.haloStickyToolbar_viewAs}}\n    \t\t{{> components/halothemes/gallery/halo-view-as}}\n\t    {{/if}}\n\t</div>\n</div>\n{{#if theme_settings.haloStickyToolbar_viewAs}}\n\t<div class=\"toolbar-wrapper toolbar-mobile\">\n\t    <div class=\"toolbar-item\">\n\t        {{> components/halothemes/gallery/halo-view-as-2}}  \n\t    </div>\n\t</div>\n{{/if}}\n",
  "components/products/filter": "<form class=\"actionBar\" method=\"get\" data-sort-by data-show-by>\n    {{> components/category/sort-box sort=sort}}\n</form>\n",
  "components/halothemes/gallery/halo-show-products": "<form class=\"actionBar\" method=\"get\" data-sort-by data-show-products>\n    <div class=\"form-field\">\n        <label class=\"form-label\" for=\"limit\">{{lang 'common.show_products_label'}}</label>\n        <select class=\"form-select\" name=\"limit\" id=\"limit\">\n            <option value=\"9\" {{#if '9' '==' theme_settings.categorypage_products_per_page }}selected{{/if}}>9 {{lang 'common.show_products'}}</option>\n            <option value=\"12\" {{#if '12' '==' theme_settings.categorypage_products_per_page }}selected{{/if}}>12 {{lang 'common.show_products'}}</option>\n            <option value=\"15\" {{#if '15' '==' theme_settings.categorypage_products_per_page }}selected{{/if}}>15 {{lang 'common.show_products'}}</option>\n            <option value=\"18\" {{#if '18' '==' theme_settings.categorypage_products_per_page }}selected{{/if}}>18 {{lang 'common.show_products'}}</option>\n            <option value=\"21\" {{#if '21' '==' theme_settings.categorypage_products_per_page }}selected{{/if}}>21 {{lang 'common.show_products'}}</option>\n            <option value=\"24\" {{#if '24' '==' theme_settings.categorypage_products_per_page }}selected{{/if}}>24 {{lang 'common.show_products'}}</option>\n            <option value=\"27\" {{#if '27' '==' theme_settings.categorypage_products_per_page }}selected{{/if}}>27 {{lang 'common.show_products'}}</option>\n            <option value=\"30\" {{#if '30' '==' theme_settings.categorypage_products_per_page }}selected{{/if}}>30 {{lang 'common.show_products'}}</option>\n        </select>\n    </div>\n</form>\n",
  "components/halothemes/gallery/halo-view-as": "<div class=\"view-as-btn\">\n    <label class=\"form-label\">{{lang 'common.view_as'}}</label>\n    <div class=\"form-group\">\n        <a href=\"javascript:void(0);\" class=\"btn-view grid-view{{#if theme_settings.product_list_display_mode '===' 'grid'}} current-view{{/if}}\" id=\"grid-view\" aria-label=\"{{lang 'ada.grid_view'}}\">\n            <svg class=\"icon\" aria-hidden=\"true\"><use xlink:href=\"#icon-grid-view\"></use></svg>\n        </a>\n        <a href=\"javascript:void(0);\" class=\"btn-view list-view{{#if theme_settings.product_list_display_mode '===' 'list'}} current-view{{/if}}\" id=\"list-view\" aria-label=\"{{lang 'ada.list_view'}}\">\n            <svg class=\"icon\" aria-hidden=\"true\"><use xlink:href=\"#icon-list-view\"></use></svg>\n        </a>\n    </div>\n</div>\n",
  "components/halothemes/gallery/halo-view-as-2": "<div class=\"view-as-btn view-as-btn-mobile\">\n    <a href=\"javascript:void(0);\" class=\"btn-view grid-view{{#if theme_settings.product_list_display_mode '===' 'grid'}} current-view{{/if}}\" id=\"grid-view-mobile\">\n        <svg class=\"icon\"><use xlink:href=\"#icon-grid-view\"></use></svg>\n    </a>\n    <a href=\"javascript:void(0);\" class=\"btn-view list-view{{#if theme_settings.product_list_display_mode '===' 'list'}} current-view{{/if}}\" id=\"list-view-mobile\">\n        <svg class=\"icon\"><use xlink:href=\"#icon-list-view\"></use></svg>\n    </a>\n</div>\n",
  "components/category/sort-box": "<fieldset class=\"form-fieldset actionBar-section\">\n    <div class=\"form-field\">\n        <label class=\"form-label\" for=\"sort\">{{lang 'common.sorter.sort_by'}}</label>\n        <select class=\"form-select\" name=\"sort\" id=\"sort\" role=\"listbox\">\n            <option value=\"featured\" {{#if sort '==' 'featured'}}selected{{/if}}>{{lang 'common.sorter.featured'}}</option>\n            <option value=\"newest\" {{#if sort '==' 'newest'}}selected{{/if}}>{{lang 'common.sorter.newest'}}</option>\n            <option value=\"bestselling\" {{#if sort '==' 'bestselling'}}selected{{/if}}>{{lang 'common.sorter.top_sellers'}}</option>\n            <option value=\"alphaasc\" {{#if sort '==' 'alphaasc'}}selected{{/if}}>{{lang 'common.sorter.alpha_asc'}}</option>\n            <option value=\"alphadesc\" {{#if sort '==' 'alphadesc'}}selected{{/if}}>{{lang 'common.sorter.alpha_desc'}}</option>\n            <option value=\"avgcustomerreview\" {{#if sort '==' 'avgcustomerreview'}}selected{{/if}}>{{lang 'common.sorter.reviews'}}</option>\n            <option value=\"priceasc\" {{#if sort '==' 'priceasc'}}selected{{/if}}>{{lang 'common.sorter.price_asc'}}</option>\n            <option value=\"pricedesc\" {{#if sort '==' 'pricedesc'}}selected{{/if}}>{{lang 'common.sorter.price_desc'}}</option>\n            {{#if result_count}}\n                <option value=\"relevance\" {{#if sort '==' 'relevance'}}selected{{/if}}>{{lang 'common.sorter.relevance'}}</option>\n            {{/if}}\n        </select>\n    </div>\n</fieldset>\n"
}
