{
  "components/brand/sidebar": "<nav class=\"haloCustomScrollbar\">\n    {{> components/halothemes/sidebar/halo-all-categories breadcrumbs=breadcrumbs}}\n\n    {{#if brand.faceted_search_enabled}}\n        {{> components/faceted-search/index brand}}\n    {{else}}\n        {{> components/category/shop-by-price}}\n        {{#if shop_by_brand}}\n            {{> components/halothemes/sidebar/halo-shop-by-brand}}\n        {{/if}}\n    {{/if}}\n\n    {{#if theme_settings.halo-sidebar-products}}\n        {{#if products.top_sellers}}\n            {{> components/halothemes/sidebar/halo-product-sidebar products=products.top_sellers title=theme_settings.halo-sidebar-products-title}}\n        {{else}}\n            {{> components/halothemes/sidebar/halo-product-sidebar products=products.featured title=theme_settings.halo-sidebar-products-title}}\n        {{/if}}\n    {{/if}}\n    \n    {{> components/halothemes/sidebar/halo-advertisement-image}}\n    {{> components/halothemes/sidebar/halo-advertisement-content}}\n</nav>\n",
  "components/halothemes/sidebar/halo-all-categories": "{{#if theme_settings.halo-sidebar-all-categories}}\n    <div class=\"sidebarBlock\" id=\"allCategories\">\n        <h3 class=\"sidebarBlock-heading\">{{lang 'categories.heading'}}</h3>\n        {{#if categories}}\n            <ul class=\"all-categories-list\">\n                {{#each categories}}\n                    <li class=\"navPages-item{{#if is_active}} current-cate is-clicked{{/if}}\">\n                        {{#if children}}\n                            <a class=\"navPages-action has-subMenu\" href=\"{{url}}\">\n                                <span class=\"text\">{{name}}</span>\n                            </a>\n                            <span class=\"icon-dropdown\">\n                                <svg class=\"icon\"><use xlink:href=\"#icon-chevron-down\" /></svg>\n                            </span>\n                            <ul class=\"dropdown-category-list navPages-level-2\">\n                                {{#each children}}\n                                    <li class=\"navPage-subMenu-item{{#if is_active}} current-cate is-clicked{{/if}}\">\n                                        {{#if children}}\n                                            <a class=\"navPage-subMenu-action navPages-action has-subMenu\" href=\"{{url}}\">\n                                                <span class=\"text\">{{name}}</span>\n                                            </a>\n                                            <span class=\"icon-dropdown\">\n                                                <svg class=\"icon\"><use xlink:href=\"#icon-chevron-down\" /></svg>\n                                            </span>\n                                            <ul class=\"dropdown-category-list navPages-level-3\">\n                                                {{#each children}}\n                                                    <li class=\"navPage-subMenu-item{{#if is_active}} current-cate is-clicked{{/if}}\">\n                                                        <a class=\"navPage-subMenu-action navPages-action 123\" href=\"{{url}}\">\n                                                            <span class=\"text\">{{name}}</span>\n                                                        </a>\n                                                    </li>\n                                                {{/each}}\n                                            </ul>\n                                        {{else}}\n                                            <a class=\"navPage-subMenu-action navPages-action\" href=\"{{url}}\">\n                                                <span class=\"text\">{{name}}</span>\n                                            </a>\n                                        {{/if}}\n                                    </li>\n                                {{/each}}\n                            </ul>\n                        {{else}}\n                            <a class=\"navPages-action\" href=\"{{url}}\">\n                                <span class=\"text\">{{name}}</span>\n                            </a>\n                        {{/if}}\n                    </li>\n                {{/each}}\n            </ul>\n        {{/if}}\n    </div>\n{{/if}}\n",
  "components/category/shop-by-price": "{{#and theme_settings.shop_by_price_visibility category.shop_by_price}}\n    <div class=\"sidebarBlock\">\n        <h2 class=\"sidebarBlock-heading heading-price\" data-shop-by-price>{{lang 'category.shop_by_price'}}</h2>\n\n        {{> components/faceted-search/range-form shop_by_price=theme_settings.shop_by_price_visibility}}\n\n        <div class=\"reset-filters\">\n            <a href=\"{{category.url}}\" class=\"navList-action reset-btn\">{{lang 'category.reset'}}</a>\n            <span class=\"reset-message aria-description--hidden\">{{lang 'category.filter_reset_announcement'}}</span>\n        </div>\n    </div>\n{{/and}}\n",
  "components/halothemes/sidebar/halo-product-sidebar": "<div class=\"sidebarBlock\" id=\"featured-products\">\n    <h3 class=\"sidebarBlock-heading\">{{title}}</h3>\n    <div class=\"sidebarBlock-content\">\n        <div class=\"products-list\"\n\t        data-slick='{\n\t\t        \"rows\": 3,\n\t\t        \"dots\": true,\n\t\t        \"arrows\": false,\n\t\t        \"infinite\": false,\n\t\t        \"slidesToShow\": 1,\n\t\t        \"slidesToScroll\": 1,\n\t\t        \"adaptiveHeight\": true\n\t\t    }'\n\t\t>\n            {{#each (limit products theme_settings.sidebar_products_per_page)}}\n                {{> components/halothemes/sidebar/halo-product-sidebar-tmp theme_settings=../theme_settings}}\n            {{/each}}\n        </div>\n    </div>\n</div>\n",
  "components/halothemes/sidebar/halo-advertisement-image": "{{#if theme_settings.halo-sidebar-image}}\n\t<div class=\"sidebarBlock\" id=\"advertisement-image\">\n\t\t<div class=\"sidebarBlock-content\">\n\t       \t<div class=\"advertisement-image\">\n\t\t\t\t<a class=\"image image-with-overlay\" href=\"{{theme_settings.halo-sidebar-image-link}}\">\n\t\t\t\t\t<img class=\"lazyload\" src=\"{{#if theme_settings.halo_homepage_layout_1}}{{cdn 'img/loading.svg'}}{{else}}{{cdn 'img/loading_2.svg'}}{{/if}}\" data-src=\"https://cdn11.bigcommerce.com/s-{{settings.store_hash}}/product_images/uploaded_images/{{theme_settings.halo-sidebar-image}}\" alt=\"{{theme_settings.halo-sidebar-image-alt}}\" title=\"{{theme_settings.halo-sidebar-image-alt}}\">\n\t\t\t\t</a>\n\t\t\t</div>\n\t    </div>\n\t</div>\n{{/if}}\n",
  "components/faceted-search/index": "<div id=\"facetedSearch\" class=\"facetedSearch sidebarBlock\">\n    {{> components/faceted-search/selected-facets selected}}\n\n    <a href=\"#facetedSearch-navList\" role=\"button\" class=\"facetedSearch-toggle toggleLink\" data-collapsible>\n        <span class=\"facetedSearch-toggle-text\">\n            {{#if facets.length '>' 2}}\n                {{lang 'search.faceted.browse-by'}} {{join (pluck facets 'title') ', ' limit=2}} &amp; {{toLowerCase (lang 'search.faceted.more')}}\n            {{else}}\n                {{lang 'search.faceted.browse-by'}} {{join (pluck facets 'title') ', ' lastSeparator=' & '}}\n            {{/if}}\n        </span>\n\n        <span class=\"facetedSearch-toggle-indicator\">\n            <span class=\"toggleLink-text toggleLink-text--on\">\n                {{lang 'search.faceted.hide-filters'}}\n\n                <i class=\"icon\" aria-hidden=\"true\">\n                    <svg><use xlink:href=\"#icon-keyboard-arrow-up\"/></svg>\n                </i>\n            </span>\n\n            <span class=\"toggleLink-text toggleLink-text--off\">\n                {{lang 'search.faceted.show-filters'}}\n\n                <i class=\"icon\" aria-hidden=\"true\">\n                    <svg><use xlink:href=\"#icon-keyboard-arrow-down\"/></svg>\n                </i>\n            </span>\n        </span>\n    </a>\n\n    {{#any facets visible=true}}\n        <div id=\"facetedSearch-navList\"\n            class=\"facetedSearch-navList\"\n        >\n            <div class=\"accordion accordion--navList\">\n                {{#each facets}}\n                    {{#if visible}}\n                        {{{dynamicComponent 'components/faceted-search/facets'}}}\n                    {{/if}}\n                {{/each}}\n            </div>\n\n            <div class=\"blocker\" style=\"display: none;\"></div>\n        </div>\n    {{/any}}\n</div>\n",
  "components/halothemes/sidebar/halo-advertisement-content": "{{#if theme_settings.halo-sidebar-custom-block}}\n\t<div class=\"sidebarBlock\" id=\"advertisement-content\">\n\t\t{{#if theme_settings.halo-sidebar-custom-block-title}}\n\t    \t<h3 class=\"sidebarBlock-heading\">{{theme_settings.halo-sidebar-custom-block-title}}</h3>\n\t    {{/if}}\n\t    {{#if theme_settings.halo-sidebar-custom-block-text}}\n\t\t    <div class=\"sidebarBlock-content\">\n\t\t    \t<div class=\"advertisement-content\">\n\t\t\t        {{{theme_settings.halo-sidebar-custom-block-text}}}\n\t\t    \t</div>\n\t\t    </div>\n\t\t{{/if}}\n\t</div>\n{{/if}}\n",
  "components/halothemes/sidebar/halo-shop-by-brand": "{{#if theme_settings.halo-sidebar-shop-by-brand}}\n    <div class=\"sidebarBlock\" id=\"shopByBrands\">\n        <h3 class=\"sidebarBlock-heading\"><span>{{lang 'brands.heading'}}</span></h3>\n        <ul class=\"navList haloCustomScrollbar\">\n            {{#each shop_by_brand}}\n                <li class=\"navList-item\">\n                    <a href=\"{{url}}\">\n                        <span class=\"text\">{{name}}</span>\n                    </a>\n                </li>\n            {{/each}}\n        </ul>\n        <div class=\"navView-all\">\n            <a href=\"{{urls.brands}}\">\n                <span class=\"text\">{{lang 'common.view_all'}}</span>\n            </a>\n        </div>\n    </div>\n{{/if}}\n",
  "components/faceted-search/range-form": "<form id=\"facet-range-form\" class=\"form\" method=\"get\" data-faceted-search-range novalidate>\n    <input type=\"hidden\" name=\"search_query\" value=\"{{search_query}}\">\n    {{#if this.sort}}\n        <input type=\"hidden\" name=\"sort\" value=\"{{this.sort}}\">\n    {{/if}}\n    <fieldset class=\"form-fieldset\">\n        <div class=\"form-minMaxRow\">\n            <div class=\"form-field\">\n                <input\n                    name=\"{{#if shop_by_price}}price_min{{else}}min_price{{/if}}\"\n                    placeholder=\"{{lang 'search.faceted.range.min-placeholder'}}\"\n                    min=\"0\"\n                    class=\"form-input form-input--small\"\n                    required\n                    type=\"number\"\n                    value=\"{{min_price}}\"\n                />\n            </div>\n\n            <div class=\"form-field\">\n                <input\n                    name=\"{{#if shop_by_price}}price_max{{else}}max_price{{/if}}\"\n                    placeholder=\"{{lang 'search.faceted.range.max-placeholder'}}\"\n                    min=\"0\"\n                    class=\"form-input form-input--small\"\n                    required\n                    type=\"number\"\n                    value=\"{{max_price}}\"\n                />\n            </div>\n\n            <div class=\"form-field\">\n                <button class=\"button button--small\" type=\"submit\">\n                    {{lang 'search.faceted.range.update'}}\n                </button>\n            </div>\n        </div>\n\n        <div class=\"form-inlineMessage\"></div>\n    </fieldset>\n</form>\n",
  "components/halothemes/sidebar/halo-product-sidebar-tmp": "<div class=\"card card-custom\" data-product-id=\"{{id}}\">\n    <a class=\"card-link\" href=\"{{url}}\">\n        <div class=\"card-img-container\">\n            {{> components/common/responsive-img\n                image=image\n                class=\"card-image\"\n                fallback_size=theme_settings.product_sidebar_size\n                lazyload=theme_settings.lazyload_mode\n                default_image=theme_settings.default_image_product\n            }}\n        </div>\n    </a>\n    <div class=\"card-content\">\n        <h4 class=\"card-title\">\n            {{#if theme_settings.halo_card_title '==' 'ellipsis'}}\n                <a href=\"{{url}}\" class=\"card-ellipsis\" style=\"-webkit-box-orient: vertical;\">{{name}}</a>\n            {{else}}\n                <a href=\"{{url}}\">{{name}}</a>\n            {{/if}}\n        </h4>\n        <div class=\"card-price\" data-test-info-type=\"price\">\n            {{#or customer (unless settings.hide_price_from_guests)}}\n                {{> components/products/price price=price}}\n            {{else}}\n                {{> components/common/login-for-pricing}}\n            {{/or}}\n        </div>\n        {{#if theme_settings.haloAddOptionForProduct}}\n            <div class=\"card-option card-option-{{id}}\">\n                <div class=\"form-field\"></div>\n            </div>\n        {{/if}}\n        <a href=\"{{url}}\" class=\"card-action\">\n            <span class=\"text\">{{lang 'products.details_link'}}</span>\n        </a>\n    </div>\n</div>\n",
  "components/faceted-search/selected-facets": "<div class=\"facetedSearch-refineFilters sidebarBlock\">\n    <h2 class=\"sidebarBlock-heading\">\n        {{lang 'search.faceted.selected.title'}}\n    </h2>\n\n    {{#if items}}\n        <ul class=\"inlineList inlineList--labels\">\n            {{#each items}}\n                <li>\n                    <a href=\"{{url}}\"\n                       class=\"facetLabel\"\n                       rel=\"nofollow\"\n                       data-faceted-search-facet\n                    >\n                        {{#if facet '===' 'rating'}}\n                            {{lang 'search.faceted.selected.rating-label' rating=title}}\n                        {{else}}\n                            {{{sanitize title}}}\n                        {{/if}}\n\n                        <svg class=\"icon\">\n                            <use xlink:href=\"#icon-close\" />\n                        </svg>\n                    </a>\n                </li>\n            {{/each}}\n        </ul>\n    {{else}}\n        <p class=\"facetedSearch-noFilters text-center\">{{lang 'search.faceted.selected.no-filters'}}</p>\n    {{/if}}\n\n    {{#if remove_all_url}}\n        <a href=\"{{remove_all_url}}\" data-faceted-search-facet class=\"toggleLink toggleLink-viewMore\">\n            <span class=\"toggleLink-text\">{{lang 'search.faceted.selected.clear-all'}}</span>\n        </a>\n    {{/if}}\n</div>\n",
  "components/faceted-search/facets/range": "<div class=\"accordion-block\">\n    {{> components/faceted-search/faceted-search-navigation}}\n\n    <div id=\"facetedSearch-content--{{dashcase facet}}\" class=\"accordion-content{{#unless start_collapsed}} is-open{{/unless}}\">\n        {{> components/faceted-search/range-form}}\n    </div>\n</div>\n",
  "components/faceted-search/facets/rating": "{{#if items}}\n<div class=\"accordion-block\">\n    {{> components/faceted-search/faceted-search-navigation}}\n\n    <div id=\"facetedSearch-content--{{dashcase facet}}\" class=\"accordion-content facetedSearch-content--{{dashcase facet}}{{#unless start_collapsed}} is-open{{/unless}}\">\n        <ul class=\"navList\">\n            {{#each items}}\n                <li class=\"navList-item\">\n                    <a href=\"{{url}}\"\n                       class=\"navList-action navList-action--rating{{#if selected}} is-selected{{/if}}\"\n                       rel=\"nofollow\"\n                       data-faceted-search-facet>\n                        <span class=\"rating--small\">\n                            {{> components/products/ratings rating=title}}\n                        </span>\n                        <span class=\"text\">\n                            {{lang 'search.faceted.rating.and-up'}}\n                            {{#if ../show_product_counts}}\n                                <span>({{count}})</span>\n                            {{/if}}\n                        </span>\n                    </a>\n                </li>\n            {{/each}}\n        </ul>\n        {{#if selected}}\n            <div class=\"navView-clear\">\n                <a href=\"{{remove_url}}\" class=\"toggleLink toggleLink-clear facetedSearch-clearLink\" data-faceted-search-facet>\n                    <span class=\"toggleLink-text toggleLink-text--off\">{{lang 'search.faceted.clear'}}</span>\n                </a>\n            </div>\n        {{/if}}\n    </div>\n</div>\n{{/if}}\n",
  "components/faceted-search/facets/multi": "{{#if items}}\n<div class=\"accordion-block\">\n    {{> components/faceted-search/faceted-search-navigation}}\n\n    <div id=\"facetedSearch-content--{{dashcase facet}}\" class=\"accordion-content{{#unless start_collapsed}} is-open{{/unless}}\">\n        <ul id=\"facetedSearch-navList--{{dashcase facet}}\" data-facet=\"{{facet}}\" class=\"navList haloCustomScrollbar\" data-has-more-results=\"{{has_more_results}}\">\n            {{#each items}}\n                <li class=\"navList-item\">\n                    <a\n                        href=\"{{url}}\"\n                        class=\"navList-action navList-action--checkbox{{#if selected}} is-selected{{/if}}\"\n                        rel=\"nofollow\"\n                        data-faceted-search-facet>\n                        <span class=\"text\">\n                            {{{sanitize title}}}\n                            {{#if ../show_product_counts}}\n                                <span>({{count}})</span>\n                            {{/if}}\n                        </span>\n                        <span class=\"navList-action-close\" aria-hidden=\"true\">\n                            <svg class=\"icon\">\n                                <use xlink:href=\"#icon-close\"/>\n                            </svg>\n                        </span>\n                    </a>\n                </li>\n            {{/each}}\n        </ul>\n\n        {{#if show_more_toggle}}\n            <div class=\"navView-all\">\n                <a href=\"#facetedSearch-navList--{{dashcase facet}}\" role=\"button\" class=\"toggleLink toggleLink-viewMore\">\n                    <span class=\"toggleLink-text toggleLink-text--off\">{{lang 'search.faceted.show-more'}}</span>\n                </a>\n            </div>\n        {{/if}}\n        {{#if selected}}\n            <div class=\"navView-clear\">\n                <a href=\"{{remove_url}}\" class=\"toggleLink toggleLink-clear facetedSearch-clearLink\" data-faceted-search-facet>\n                    <span class=\"toggleLink-text toggleLink-text--off\">{{lang 'search.faceted.clear'}}</span>\n                </a>\n            </div>\n        {{/if}}\n    </div>\n</div>\n{{/if}}\n",
  "components/faceted-search/facets/hierarchy-children": "<ul class=\"navList navList--inner\">\n    {{#each this}}\n        <li class=\"navList-item\">\n            <a\n            href=\"{{url}}\"\n            class=\"navList-action navList-action--checkbox{{#if selected}} is-selected{{/if}}{{#if has_sub_categories}} has-children{{/if}}\"\n            rel=\"nofollow\"\n            data-id=\"{{id}}\"\n            data-faceted-search-facet>\n                <span class=\"text\">\n                    {{{sanitize title}}}\n                    {{#if ../show_product_counts}}\n                        {{#if count}}\n                            <span>({{count}})</span>\n                        {{/if}}\n                    {{/if}}\n                </span>\n            </a>\n            {{#if children}}\n                {{> components/faceted-search/facets/hierarchy-children children}}\n            {{/if}}\n        </li>\n    {{/each}}\n</ul>\n",
  "components/faceted-search/facets/hierarchy": "{{#if items}}\n<div class=\"accordion-block\">\n    {{> components/faceted-search/faceted-search-navigation}}\n\n    <div id=\"facetedSearch-content--{{dashcase facet}}\" class=\"accordion-content{{#unless start_collapsed}} is-open{{/unless}}\">\n        <ul id=\"facetedSearch-navList--{{dashcase facet}}\" class=\"navList haloCustomScrollbar\" data-facet=\"{{facet}}\" data-has-more-results=\"{{has_more_results}}\">\n            {{#each items}}\n                <li class=\"navList-item\">\n                    <a\n                        href=\"{{url}}\"\n                        class=\"navList-action navList-action--checkbox{{#if selected }} is-selected{{/if}}{{#if has_sub_categories}} has-children{{/if}}\"\n                        rel=\"nofollow\"\n                        data-id=\"{{id}}\"\n                        data-faceted-search-facet>\n                            <span class=\"text\">\n                                {{{sanitize title}}}\n                                {{#if ../show_product_counts}}\n                                    {{#if count}}\n                                        <span>({{count}})</span>\n                                    {{/if}}\n                                {{/if}}\n                            </span>\n                    </a>\n                    {{#if children}}\n                        {{> components/faceted-search/facets/hierarchy-children children}}\n                    {{/if}}\n                </li>\n            {{/each}}\n        </ul>\n\n        {{#if show_more_toggle}}\n            <div class=\"navView-all\">\n                <a href=\"#facetedSearch-navList--{{dashcase facet}}\" role=\"button\" class=\"toggleLink toggleLink-viewMore\">\n                    <span class=\"toggleLink-text toggleLink-text--off\">{{lang 'search.faceted.show-more'}}</span>\n                </a>\n            </div>\n        {{/if}}\n\n        {{#if selected}}\n            <div class=\"navView-clear\">\n                <a href=\"{{remove_url}}\" class=\"toggleLink toggleLink-clear facetedSearch-clearLink\" data-faceted-search-facet>\n                    <span class=\"toggleLink-text toggleLink-text--off\">{{lang 'search.faceted.clear'}}</span>\n                </a>\n            </div>\n        {{/if}}\n    </div>\n</div>\n{{/if}}\n",
  "components/common/responsive-img": "{{!--\nThis file implements the lazysizes srcset pattern (as seen on\nhttps://github.com/aFarkas/lazysizes#modern-transparent-srcset-pattern) for maximum performance on modern browsers\nand reasonable compatibility with legacy browsers.\n\nThere are a few important arguments to know about when using this component:\n`lazyload`:\n    - If set to 'lazyload+lqip', will load a low-res image which will be replaced by lazysizes - ensuring that SOME\n    content is shown immediately on page load. Without LQIP, a transparent gif will be used instead, which reduces\n    the number of requests needed to load the page, making it even faster.\n    - If set to 'lazyload', the browser will not load the full-size image at first, instead the lazysizes plugin will\n        load it progressively after page load. This improves the load speed of the page, but it should be disabled for\n        high-priority above-the-fold images.\n    - If set to 'disabled', will not attempt to lazyload the image and instead tell the browser to load it immediately.\n        Use this for high-priority images that are above the fold.\n\n`fallback_size`:\n    This is the size to use for this image in legacy browsers that do not support srcset.\n    Can be defined as a pixel bounding-box size (e.g. \"123x123) or inherent width (e.g. \"123w\").\n\n`class`:\n    The CSS classes to add to the image, e.g. \"card-image\". If lazyloading is enabled, all images will have the\n    \"lazyload\" class so that lazysizes will target them automatically.\n\n`otherAttributes`:\n    Any other HTML attributes you want on the img tag, for example \"height='100' width='100'\"\n\n`default_image`:\n    The default image to use if `image` is undefined or falsy. Should be a theme asset, usually defined as a relative\n    path in the theme config. If a default image is not provided, you'll get an image tag with no image if the primary\n    image is undefined.\n\n`lqip_size`:\n    If you want to specify a particular size for the LQIP image, you can do so with this argument. A default of 80\n    pixels wide will be used otherwise. This argument has no effect if the lazyload mode is not \"lazyload+lqip\".\n\n--}}\n<img {{#if image}}{{!-- Get the default image for legacy browsers that do not support srcset\n--}}src=\"{{getImageSrcset image 1x=(default fallback_size '160w')}}\" alt=\"{{image.alt}}\" title=\"{{image.alt}}\" {{!--\n  Allow lazysizes to generate the 'sizes' attribute automatically --}}data-sizes=\"auto\"\n  {{#unless lazyload '==' 'disabled'}}\n    {{#if lazyload '==' 'lazyload+lqip'}}\n    {{!-- If we want a LQIP, include it as the default srcset (will be overwritten by lazysizes) --}}\n    srcset=\"{{getImageSrcset image 1x=(default lqip_size '80w')}}\"\n    {{else}}\n      {{!-- If we don't want a LQIP, use a 1px transparent gif for the stand-in image\n            This requires no additional network request, so it's fast --}}\n    srcset=\"data:image/gif;base64,R0lGODlhAQABAIAAAP///wAAACH5BAEAAAAALAAAAAABAAEAAAICRAEAOw==\"\n    {{/if}}\n{{/unless}}\n{{!-- If lazyloading is disabled, just use \"srcset\". If it is not disabled, use \"data-srcset\" so lazysizes will use\n      this after page load --}}\n{{!--\nGenerate the srcset string using the default sizes defined in the helper. This will allow the browser to\npick the best-sized image based on its own understanding of how it will render the page.\n--}}\n{{#unless lazyload '==' 'disabled'}}data-{{/unless}}srcset=\"{{getImageSrcset image use_default_sizes=true }}\"\n{{else if default_image}}src=\"{{cdn default_image}}\" alt=\"{{lang 'products.card_default_image_alt'}}\"{{/if}}\nclass=\"{{#unless lazyload '==' 'disabled'}}lazyload{{/unless}}{{#if class}} {{class}}{{/if}}\"\n{{#if lazyload '==' 'lazyload'}}loading=\"lazy\"{{/if}}\n{{otherAttributes}} />\n",
  "components/common/login-for-pricing": "<p translate>Log in for pricing</p>\n",
  "components/products/price": "{{!-- There are 2 code paths for generating the PDP pricing HTML determined by the following #and condition.\nIf a 'price_range' exists then we generate all HTML in price-range.html, otherwise it is defined here. Both code\npaths generate the same HTML structure with some differences in whether that element is displayed by default (css styling).\n\nIf you are making a change here or in price-range.html, you probably want to make that change in both files. --}}\n\n{{#and price.price_range (if theme_settings.price_ranges '==' true)}}\n    {{> components/products/price-range price=price}}\n{{else}}\n    {{#if price.with_tax}}\n        <div class=\"price-section price-section--withTax rrp-price--withTax\" {{#unless price.rrp_with_tax}}style=\"display: none;\"{{/unless}}>\n            <span data-page-builder-key=\"pdp-retail-price-label\" data-default-translation=\"{{lang \"page_builder.pdp-retail-price-label\"}}\">\n                {{theme_settings.pdp-retail-price-label}}\n            </span>\n            <span data-product-rrp-with-tax class=\"price price--rrp\">\n                {{price.rrp_with_tax.formatted}}\n            </span>\n        </div>\n        <div class=\"price-section price-section--withTax non-sale-price--withTax{{#unless price.non_sale_price_with_tax}} price-none{{/unless}}\" {{#unless price.non_sale_price_with_tax}}style=\"display: none;\"{{/unless}}>\n            <span data-page-builder-key=\"pdp-non-sale-price-label\" data-default-translation=\"{{lang \"page_builder.pdp-non-sale-price-label\"}}\">\n                {{theme_settings.pdp-non-sale-price-label}}\n            </span>\n            <span data-product-non-sale-price-with-tax class=\"price price--non-sale\">\n                {{price.non_sale_price_with_tax.formatted}}\n            </span>\n        </div>\n        <div class=\"price-section price-section--withTax\">\n            <span class=\"price-label\" {{#if price.non_sale_price_with_tax}}style=\"display: none;\"{{/if}}>\n                {{theme_settings.pdp-price-label}}\n            </span>\n            <span class=\"price-now-label\"\n                  {{#unless price.non_sale_price_with_tax}}style=\"display: none;\"{{/unless}}\n                  data-page-builder-key=\"pdp-sale-price-label\"\n                  data-default-translation=\"{{lang \"page_builder.pdp-sale-price-label\"}}\"\n            >\n                {{theme_settings.pdp-sale-price-label}}\n            </span>\n            <span data-product-price-with-tax class=\"price price--withTax\" data-value-price=\"{{price.with_tax.formatted}}\">{{price.with_tax.formatted}}</span>\n            {{#if price.without_tax}}\n                <abbr title=\"{{lang 'products.including_tax'}}\">{{lang 'products.price_with_tax' tax_label=price.tax_label}}</abbr>\n            {{/if}}\n        </div>\n    {{/if}}\n    {{#if price.without_tax}}\n        <div class=\"price-section price-section--withoutTax rrp-price--withoutTax{{#if price.with_tax}} price-section--minor{{/if}}\" {{#unless price.rrp_without_tax}}style=\"display: none;\"{{/unless}}>\n            <span data-page-builder-key=\"pdp-retail-price-label\" data-default-translation=\"{{lang \"page_builder.pdp-retail-price-label\"}}\">\n                {{theme_settings.pdp-retail-price-label}}\n            </span>\n            <span data-product-rrp-price-without-tax class=\"price price--rrp\">\n                {{price.rrp_without_tax.formatted}}\n            </span>\n        </div>\n        <div class=\"price-section price-section--withoutTax non-sale-price--withoutTax{{#if price.with_tax}} price-section--minor{{/if}}{{#unless price.non_sale_price_without_tax}} price-none{{/unless}}\" {{#unless price.non_sale_price_without_tax}}style=\"display: none;\"{{/unless}}>\n            <span data-page-builder-key=\"pdp-non-sale-price-label\" data-default-translation=\"{{lang \"page_builder.pdp-non-sale-price-label\"}}\">\n                {{theme_settings.pdp-non-sale-price-label}}\n            </span>\n            <span data-product-non-sale-price-without-tax class=\"price price--non-sale\">\n                {{price.non_sale_price_without_tax.formatted}}\n            </span>\n        </div>\n        <div class=\"price-section price-section--withoutTax\">\n            <span class=\"price-label\" {{#if price.non_sale_price_without_tax}}style=\"display: none;\"{{/if}}>\n                {{theme_settings.pdp-price-label}}\n            </span>\n            <span class=\"price-now-label\"\n                  {{#unless price.non_sale_price_without_tax}}style=\"display: none;\"{{/unless}}\n                  data-page-builder-key=\"pdp-sale-price-label\"\n                  data-default-translation=\"{{lang \"page_builder.pdp-sale-price-label\"}}\"\n            >\n                {{theme_settings.pdp-sale-price-label}}\n            </span>\n            <span data-product-price-without-tax class=\"price price--withoutTax{{#if price.with_tax}} price-section--minor{{/if}}\" data-value-price=\"{{price.without_tax.formatted}}\">{{price.without_tax.formatted}}</span>\n            {{#if price.with_tax}}\n                <abbr title=\"{{lang 'products.excluding_tax'}}\">{{lang 'products.price_without_tax' tax_label=price.tax_label}}</abbr>\n            {{/if}}\n        </div>\n    {{/if}}\n    {{#if page_type '===' 'product'}}\n         <div class=\"price-section price-section--saving price\" {{#unless price.saved}}style=\"display: none;\"{{/unless}}>\n                <span class=\"price\">{{lang 'products.you_save_opening_text'}}</span>\n                <span data-product-price-saved class=\"price price--saving\">\n                    {{price.saved.formatted}}\n                </span>\n                <span class=\"price\">{{lang 'products.you_save_closing_bracket'}}</span>\n         </div>\n    {{/if}}\n{{/and}}\n",
  "components/products/ratings": "<span role=\"img\"\n    {{#if rating_target}}\n      aria-label=\"{{lang 'products.reviews.rating_aria_label' rating_target=rating_target current_rating=rating max_rating=5}}\"\n    {{else}}\n      aria-label=\"{{lang 'products.reviews.rating_aria_label' rating_target='Product' current_rating=rating max_rating=5}}\"\n    {{/if}}\n>\n    {{#for 1 5}}\n        {{#if ../this.rating '>=' $index}}\n            <span class=\"icon icon--ratingFull\">\n                <svg>\n                    <use xlink:href=\"#icon-star\" />\n                </svg>\n            </span>\n        {{else}}\n            <span class=\"icon icon--ratingEmpty\">\n                <svg>\n                    <use xlink:href=\"#icon-star\" />\n                </svg>\n            </span>\n        {{/if}}\n    {{/for}}\n</span>\n",
  "components/faceted-search/faceted-search-navigation": "<div class=\"accordion-nav-clear-holder\">\n    <button type=\"button\"\n         class=\"accordion-navigation toggleLink{{#unless start_collapsed}} is-open{{/unless}}\"\n         data-collapsible=\"#facetedSearch-content--{{dashcase facet}}\"\n         aria-label=\"{{lang 'search.faceted.toggleSection' title=title}}\"\n    >\n        <span class=\"accordion-title\">\n            {{title}}\n        </span>\n\n        <span class=\"accordion-navigation-actions\">\n            <svg class=\"icon accordion-indicator toggleLink-text\">\n                <use xlink:href=\"#slick-arrow-next\" />\n            </svg>\n        </span>\n    </button>\n</div>\n",
  "components/products/price-range": "{{#and price.retail_price_range.min.with_tax price.retail_price_range.max.with_tax}}\n    <div class=\"price-section price-section--withTax rrp-price--withTax\">\n        <span data-page-builder-key=\"pdp-retail-price-label\" data-default-translation=\"{{lang \"page_builder.pdp-retail-price-label\"}}\">\n            {{theme_settings.pdp-retail-price-label}}\n        </span>\n        <span data-product-rrp-price-with-tax class=\"price price--rrp\">{{price.retail_price_range.min.with_tax.formatted}} - {{price.retail_price_range.max.with_tax.formatted}}</span>\n    </div>\n{{else}}\n    {{#if price.with_tax}}\n        <div class=\"price-section price-section--withTax rrp-price--withTax\" style=\"display: none;\">\n            <span data-page-builder-key=\"pdp-retail-price-label\" data-default-translation=\"{{lang \"page_builder.pdp-retail-price-label\"}}\">\n                {{theme_settings.pdp-retail-price-label}}\n            </span>\n            <span data-product-rrp-with-tax class=\"price price--rrp\">\n                {{price.rrp_with_tax.formatted}}\n            </span>\n        </div>\n    {{/if}}\n{{/and}}\n{{#and price.price_range.min.with_tax price.price_range.max.with_tax}}\n    {{!-- Never display the \"non-sales price\" if there is a price range to be shown, but we do want the element on the page --}}\n    <div class=\"price-section price-section--withTax non-sale-price--withTax price-none\" style=\"display: none;\">\n        <span data-page-builder-key=\"pdp-non-sale-price-label\" data-default-translation=\"{{lang \"page_builder.pdp-non-sale-price-label\"}}\">\n            {{theme_settings.pdp-non-sale-price-label}}\n        </span>\n        <span data-product-non-sale-price-with-tax class=\"price price--non-sale\">\n            {{price.non_sale_price_with_tax.formatted}}\n        </span>\n    </div>\n    <div class=\"price-section price-section--withTax\">\n        <span class=\"price-label\">{{theme_settings.pdp-price-label}}</span>\n        <span class=\"price-now-label\"\n              style=\"display: none;\"\n              data-page-builder-key=\"pdp-sale-price-label\"\n              data-default-translation=\"{{lang \"page_builder.pdp-sale-price-label\"}}\"\n        >\n            {{theme_settings.pdp-sale-price-label}}\n        </span>\n        <span data-product-price-with-tax class=\"price price--withTax\" data-value-price=\"{{price.price_range.min.with_tax.formatted}}\">{{price.price_range.min.with_tax.formatted}} - {{price.price_range.max.with_tax.formatted}}</span>\n        {{#and price.price_range.min.without_tax price.price_range.max.without_tax}}\n            <abbr title=\"{{lang 'products.including_tax'}}\">{{lang 'products.price_with_tax' tax_label=price.price_range.min.tax_label}}</abbr>\n        {{/and}}\n    </div>\n{{/and}}\n{{#and price.retail_price_range.min.without_tax price.retail_price_range.max.without_tax}}\n    <div class=\"price-section price-section--withoutTax rrp-price--withoutTax{{#if price.with_tax}} price-section--minor{{/if}}\">\n        <span data-page-builder-key=\"pdp-retail-price-label\" data-default-translation=\"{{lang \"page_builder.pdp-retail-price-label\"}}\">\n            {{theme_settings.pdp-retail-price-label}}\n        </span>\n        <span data-product-rrp-price-without-tax class=\"price price--rrp\">{{price.retail_price_range.min.without_tax.formatted}} - {{price.retail_price_range.max.without_tax.formatted}}</span>\n    </div>\n{{else}}\n    {{#if price.without_tax}}\n        <div class=\"price-section price-section--withoutTax rrp-price--withoutTax{{#if price.with_tax}} price-section--minor{{/if}}\" style=\"display: none;\">\n            <span data-page-builder-key=\"pdp-retail-price-label\" data-default-translation=\"{{lang \"page_builder.pdp-retail-price-label\"}}\">\n                {{theme_settings.pdp-retail-price-label}}\n            </span>\n            <span data-product-rrp-price-without-tax class=\"price price--rrp\">\n                {{price.rrp_without_tax.formatted}}\n            </span>\n        </div>\n    {{/if}}\n{{/and}}\n{{#and price.price_range.min.without_tax price.price_range.max.without_tax}}\n    {{!-- Never display the \"non-sales price\" if there is a price range to be shown, but we do want the element on the page --}}\n    <div class=\"price-section price-section--withoutTax non-sale-price--withoutTax{{#if price.with_tax}} price-section--minor{{/if}} price-none\" style=\"display: none;\">\n        <span data-page-builder-key=\"pdp-non-sale-price-label\" data-default-translation=\"{{lang \"page_builder.pdp-non-sale-price-label\"}}\">\n            {{theme_settings.pdp-non-sale-price-label}}\n        </span>\n        <span data-product-non-sale-price-without-tax class=\"price price--non-sale\">\n            {{price.non_sale_price_without_tax.formatted}}\n        </span>\n    </div>\n    <div class=\"price-section price-section--withoutTax{{#and price_range.min.with_tax price_range.max.with_tax}} price-section--minor{{/and}}\">\n        <span class=\"price-label\">{{theme_settings.pdp-price-label}}</span>\n        <span class=\"price-now-label\"\n              style=\"display: none;\"\n              data-page-builder-key=\"pdp-sale-price-label\"\n              data-default-translation=\"{{lang \"page_builder.pdp-sale-price-label\"}}\"\n        >\n            {{theme_settings.pdp-sale-price-label}}\n        </span>\n        <span data-product-price-without-tax class=\"price price--withoutTax\" data-value-price=\"{{price.price_range.min.without_tax.formatted}}\">{{price.price_range.min.without_tax.formatted}} - {{price.price_range.max.without_tax.formatted}}</span>\n        {{#and price.price_range.min.with_tax price.price_range.max.with_tax}}\n            <abbr title=\"{{lang 'products.excluding_tax'}}\">{{lang 'products.price_without_tax' tax_label=price.price_range.min.tax_label}}</abbr>\n        {{/and}}\n    </div>\n{{/and}}\n\n{{!-- Never display the \"saving price\" element by default if there is a price range on the page to be shown --}}\n{{#if page_type '===' 'product'}}\n     <div class=\"price-section price-section--saving price\" style=\"display: none;\">\n            <span class=\"price\">{{lang 'products.you_save_opening_text'}}</span>\n            <span data-product-price-saved class=\"price price--saving\">\n                {{price.saved.formatted}}\n            </span>\n            <span class=\"price\">{{lang 'products.you_save_closing_bracket'}}</span>\n     </div>\n{{/if}}\n"
}
