{
  "components/halothemes/category/halo-subcategories": "{{#if category.subcategories}}\n    <div class=\"haloSubCategories\">\n        <div class=\"haloSubCategories__container\">\n            <div class=\"haloSubCategories__carousel\"\n                data-slick='{\n                    \"dots\": false,\n                    \"arrows\": false,\n                    \"infinite\": false,\n                    \"mobileFirst\": true,\n                    \"slidesToShow\": 1,\n                    \"slidesToScroll\": 1,\n                    \"responsive\": [\n                        {\n                            \"breakpoint\": 480,\n                            \"settings\": {\n                                \"slidesToShow\": 2,\n                                \"slidesToScroll\": 2,\n                                \"arrows\": true\n                            }\n                        },\n                        {\n                            \"breakpoint\": 601,\n                            \"settings\": {\n                                \"slidesToShow\": 3,\n                                \"slidesToScroll\": 3,\n                                \"arrows\": true\n                            }\n                        },\n                        {\n                            \"breakpoint\": 801,\n                            \"settings\": {\n                                \"slidesToShow\": 4,\n                                \"slidesToScroll\": 4,\n                                \"arrows\": true\n                            }\n                        },\n                        {\n                            \"breakpoint\": 1025,\n                            \"settings\": {\n                                \"slidesToShow\": 5,\n                                \"slidesToScroll\": 5,\n                                \"arrows\": true\n                            }\n                        },\n                        {\n                            \"breakpoint\": 1400,\n                            \"settings\": {\n                                \"slidesToShow\": 6,\n                                \"slidesToScroll\": 6,\n                                \"arrows\": true\n                            }\n                        }\n                    ]\n                }'\n            >\n                {{#each category.subcategories}}\n                    <div class=\"haloSubCategories__item\">\n                        {{#if image}}\n                            <div class=\"haloSubCategories__img\">\n                                <a href=\"{{url}}\" aria-label=\"Button Go To Sub Category {{name}}\">\n                                    <img class=\"lazyload\" src=\"{{#if theme_settings.halo_homepage_layout_1}}{{cdn 'img/loading.svg'}}{{else}}{{cdn 'img/loading_2.svg'}}{{/if}}\" data-src=\"{{getImage image '80x80'}}\" alt=\"{{name}}\">\n                                </a>\n                            </div>\n                        {{else}}\n                            <div class=\"haloSubCategories__icon\">\n                                <a href=\"{{url}}\" aria-label=\"Button Go To Sub Category {{name}}\">\n                                    <img class=\"lazyload\" src=\"{{cdn 'img/CategoryDefault.png'}}\" alt=\"{{name}}\">\n                                </a>\n                            </div>\n                        {{/if}}\n                        <div class=\"haloSubCategories__content\">\n                            <a class=\"haloSubCategories__name\" href=\"{{url}}\" aria-label=\"Button Go To Sub Category {{name}}\">{{name}}</a>\n                            <div class=\"haloSubCategories__count\">{{product_count}} {{#if product_count '>=' 2}}products{{else}}product{{/if}}</div>\n                        </div>\n                    </div>\n                {{/each}}\n            </div>\n        </div>\n    </div>\n{{/if}}\n"
}